<!-- Letters generated from this awesome site:  http://arcade.photonstorm.com/ -->
<categories>
	<category>
		<label>A</label>
		<thumb>msLHeli.jpg</thumb>
		<banner>cv3cQQQ.jpg</banner>
		<fanart>G5PYNPY.jpg</fanart>
		<logo>8Hx6Or2.png</logo>
		<trailer>Eo3e3GCe3G4</trailer>
		<plot>Games starting with A</plot>
	</category>
	<category>
		<label>B</label>
		<thumb>3zk1FdK.jpg</thumb>
		<banner>hKMx7xC.jpg</banner>
		<fanart>G5PYNPY.jpg</fanart>
		<logo>sZ94h8y.png</logo>
		<trailer>Eo3e3GCe3G4</trailer>
		<plot>Games starting with B</plot>
	</category>
	<category>
		<label>C</label>
		<thumb>iWpwMzM.jpg</thumb>
		<banner>KFc1lc2.jpg</banner>
		<fanart>G5PYNPY.jpg</fanart>
		<logo>HRPyoUZ.png</logo>
		<trailer>Eo3e3GCe3G4</trailer>
		<plot>Games starting with C</plot>
	</category>
	<category>
		<label>D</label>
		<thumb>XBISZop.jpg</thumb>
		<banner>gnrcvKv.jpg</banner>
		<fanart>G5PYNPY.jpg</fanart>
		<logo>ra6dgmI.png</logo>
		<trailer>Eo3e3GCe3G4</trailer>
		<plot>Games starting with D</plot>
	</category>
	<category>
		<label>E</label>
		<thumb>rL9Nl9u.jpg</thumb>
		<banner>bM6KfZb.jpg</banner>
		<fanart>G5PYNPY.jpg</fanart>
		<logo>BNy26YR.png</logo>
		<trailer>Eo3e3GCe3G4</trailer>
		<plot>Games starting with E</plot>
	</category>
	<category>
		<label>F</label>
		<thumb>NAPZdcD.jpg</thumb>
		<banner>5ioueLa.jpg</banner>
		<fanart>G5PYNPY.jpg</fanart>
		<logo>ZQGrEYp.png</logo>
		<trailer>Eo3e3GCe3G4</trailer>
		<plot>Games starting with F</plot>
	</category>
	<category>
		<label>G</label>
		<thumb>Lj9k7Bb.jpg</thumb>
		<banner>PehJiXV.jpg</banner>
		<fanart>G5PYNPY.jpg</fanart>
		<logo>911Yj0Q.png</logo>
		<trailer>Eo3e3GCe3G4</trailer>
		<plot>Games starting with G</plot>
	</category>
	<category>
		<label>H</label>
		<thumb>0GOuRqO.jpg</thumb>
		<banner>wRKIovW.jpg</banner>
		<fanart>G5PYNPY.jpg</fanart>
		<logo>Yvc5uQY.png</logo>
		<trailer>Eo3e3GCe3G4</trailer>
		<plot>Games starting with H</plot>
	</category>
	<category>
		<label>I</label>
		<thumb>jv9B5h0.jpg</thumb>
		<banner>0ddMvaM.jpg</banner>
		<fanart>G5PYNPY.jpg</fanart>
		<logo>CAxuloq.png</logo>
		<trailer>Eo3e3GCe3G4</trailer>
		<plot>Games starting with I</plot>
	</category>
	<category>
		<label>J</label>
		<thumb>PHpc5Bw.jpg</thumb>
		<banner>BYDo9zf.jpg</banner>
		<fanart>G5PYNPY.jpg</fanart>
		<logo>OqoERZG.png</logo>
		<trailer>Eo3e3GCe3G4</trailer>
		<plot>Games starting with J</plot>
	</category>
	<category>
		<label>K</label>
		<thumb>hOW2WZF.jpg</thumb>
		<banner>ceVqA5f.jpg</banner>
		<fanart>G5PYNPY.jpg</fanart>
		<logo>tlhalLL.png</logo>
		<trailer>Eo3e3GCe3G4</trailer>
		<plot>Games starting with K</plot>
	</category>
	<category>
		<label>L</label>
		<thumb>wBBsrZa.jpg</thumb>
		<banner>F7e2Zc0.jpg</banner>
		<fanart>G5PYNPY.jpg</fanart>
		<logo>QsegrAP.png</logo>
		<trailer>Eo3e3GCe3G4</trailer>
		<plot>Games starting with L</plot>
	</category>
	<category>
		<label>M</label>
		<thumb>iEarygM.jpg</thumb>
		<banner>A1NE6to.jpg</banner>
		<fanart>G5PYNPY.jpg</fanart>
		<logo>YwlwvNa.png</logo>
		<trailer>Eo3e3GCe3G4</trailer>
		<plot>Games starting with M</plot>
	</category>
	<category>
		<label>N</label>
		<thumb>1y37Ibx.jpg</thumb>
		<banner>gbCIYzN.jpg</banner>
		<fanart>G5PYNPY.jpg</fanart>
		<logo>mPbb76y.png</logo>
		<trailer>Eo3e3GCe3G4</trailer>
		<plot>Games starting with N</plot>
	</category>
	<category>
		<label>O</label>
		<thumb>IQmRdHv.jpg</thumb>
		<banner>qfS9WRz.jpg</banner>
		<fanart>G5PYNPY.jpg</fanart>
		<logo>Sc8s4rk.png</logo>
		<trailer>Eo3e3GCe3G4</trailer>
		<plot>Games starting with O</plot>
	</category>
	<category>
		<label>P</label>
		<thumb>9IEJruY.jpg</thumb>
		<banner>fAdxkC9.jpg</banner>
		<fanart>G5PYNPY.jpg</fanart>
		<logo>rsgTFx8.png</logo>
		<trailer>Eo3e3GCe3G4</trailer>
		<plot>Games starting with P</plot>
	</category>
	<category>
		<label>Q</label>
		<thumb>tgGG8wZ.jpg</thumb>
		<banner>pT2eHQG.jpg</banner>
		<fanart>G5PYNPY.jpg</fanart>
		<logo>yBz9UCT.png</logo>
		<trailer>Eo3e3GCe3G4</trailer>
		<plot>Games starting with Q</plot>
	</category>
	<category>
		<label>R</label>
		<thumb>VC5yvVS.jpg</thumb>
		<banner>yJ5reMb.jpg</banner>
		<fanart>G5PYNPY.jpg</fanart>
		<logo>N0jREw1.png</logo>
		<trailer>Eo3e3GCe3G4</trailer>
		<plot>Games starting with R</plot>
	</category>
	<category>
		<label>S</label>
		<thumb>21HmnYC.jpg</thumb>
		<banner>6d6wa0e.jpg</banner>
		<fanart>G5PYNPY.jpg</fanart>
		<logo>MMe6tkr.png</logo>
		<trailer>Eo3e3GCe3G4</trailer>
		<plot>Games starting with S</plot>
	</category>
	<category>
		<label>T</label>
		<thumb>KfNX402.jpg</thumb>
		<banner>IChhuU5.jpg</banner>
		<fanart>G5PYNPY.jpg</fanart>
		<logo>yMaUA2U.png</logo>
		<trailer>Eo3e3GCe3G4</trailer>
		<plot>Games starting with T</plot>
	</category>
	<category>
		<label>U</label>
		<thumb>pGqkixv.jpg</thumb>
		<banner>PE5uhXc.jpg</banner>
		<fanart>G5PYNPY.jpg</fanart>
		<logo>mQpKdxq.png</logo>
		<trailer>Eo3e3GCe3G4</trailer>
		<plot>Games starting with U</plot>
	</category>
	<category>
		<label>V</label>
		<thumb>wXaiV26.jpg</thumb>
		<banner>Am12KKW.jpg</banner>
		<fanart>G5PYNPY.jpg</fanart>
		<logo>3DFtIK1.png</logo>
		<trailer>Eo3e3GCe3G4</trailer>
		<plot>Games starting with V</plot>
	</category>
	<category>
		<label>W</label>
		<thumb>s80Mu5f.jpg</thumb>
		<banner>EHyy3yQ.jpg</banner>
		<fanart>G5PYNPY.jpg</fanart>
		<logo>lrBoujh.png</logo>
		<trailer>Eo3e3GCe3G4</trailer>
		<plot>Games starting with W</plot>
	</category>
	<category>
		<label>X</label>
		<thumb>s80Mu5f.jpg</thumb>
		<banner>A1wMmEh.jpg</banner>
		<fanart>G5PYNPY.jpg</fanart>
		<logo>kRucc6U.png</logo>
		<trailer>Eo3e3GCe3G4</trailer>
		<plot>Games starting with X</plot>
	</category>
	<category>
		<label>Y</label>
		<thumb>nqMQNoE.jpg</thumb>
		<banner>dYGjoYA.jpg</banner>
		<fanart>G5PYNPY.jpg</fanart>
		<logo>fic2nun.png</logo>
		<trailer>Eo3e3GCe3G4</trailer>
		<plot>Games starting with Y</plot>
	</category>
	<category>
		<label>Z</label>
		<thumb>gt2yPM7.jpg</thumb>
		<banner>14f6RhH.jpg</banner>
		<fanart>G5PYNPY.jpg</fanart>
		<logo>7cnruge.png</logo>
		<trailer>Eo3e3GCe3G4</trailer>
		<plot>Games starting with Z</plot>
	</category>
	<category>
		<label>#</label>
		<thumb>n7Z4YcS.jpg</thumb>
		<banner>yGzxf1l.jpg</banner>
		<fanart>G5PYNPY.jpg</fanart>
		<logo>N2kXbzW.png</logo>
		<trailer>Eo3e3GCe3G4</trailer>
		<plot>Games starting with 0-10</plot>
	</category>
<!-- 	<category>
		<label>default</label>
		<thumb>fYMsybe.jpg</thumb>
		<banner>pc540fV.jpg</banner>
		<fanart>G5PYNPY.jpg</fanart>
		<logo>nQfTbZq.png</logo>
		<trailer>Eo3e3GCe3G4</trailer>
		<plot></plot>
	</category> -->
</categories>