<categories>
	<category>
		<label>1</label>
		<thumb>WaxsEUW.jpg</thumb>
		<banner>mOdmSGS.jpg</banner>
		<fanart>G5PYNPY.jpg</fanart>
		<logo>tJaj9Yd.png</logo>
		<trailer>8I7KBGn7N1A</trailer>
		<plot>Games with 1 player</plot>
	</category>
	<category>
		<label>2</label>
		<thumb>t2aPdaV.jpg</thumb>
		<banner>0ZZQ9JT.jpg</banner>
		<fanart>G5PYNPY.jpg</fanart>
		<logo>Ir6T2Dp.png</logo>
		<trailer>VWzfPYXxlqw</trailer>
		<plot>Games with 2 players</plot>
	</category>
	<category>
		<label>1-2</label>
		<thumb>t2aPdaV.jpg</thumb>
		<banner>0ZZQ9JT.jpg</banner>
		<fanart>G5PYNPY.jpg</fanart>
		<logo>Ir6T2Dp.png</logo>
		<trailer>VWzfPYXxlqw</trailer>
		<plot>Games with up to 2 players</plot>
	</category>
	<category>
		<label>1-2 Alt</label>
		<thumb>eZYER6T.jpg</thumb>
		<banner>1IS7SGl.jpg</banner>
		<fanart>G5PYNPY.jpg</fanart>
		<logo>Gy4AEHS.png</logo>
		<trailer>VWzfPYXxlqw</trailer>
		<plot>Games with up to 2 players, alternating turns</plot>
	</category>
	<category>
		<label>1-2 Co-Op</label>
		<thumb>Kfc2qgN.jpg</thumb>
		<banner>8WcS5i6.jpg</banner>
		<fanart>G5PYNPY.jpg</fanart>
		<logo>hbLxt0G.png</logo>
		<trailer>VWzfPYXxlqw</trailer>
		<plot>Games with up to 2 players, cooperatively playing</plot>
	</category>
	<category>
		<label>1-2 Sim</label>
		<thumb>lnvsVba.jpg</thumb>
		<banner>rMLsKUc.jpg</banner>
		<fanart>G5PYNPY.jpg</fanart>
		<logo>TvY5lvL.png</logo>
		<trailer>VWzfPYXxlqw</trailer>
		<plot>Games with up to 2 players, simultaneously playing</plot>
	</category>
	<category>
		<label>1-2 VS</label>
		<thumb>4bvX4i2.jpg</thumb>
		<banner>TA6F1RK.jpg</banner>
		<fanart>G5PYNPY.jpg</fanart>
		<logo>Afn99qv.png</logo>
		<trailer>VWzfPYXxlqw</trailer>
		<plot>Games with up to 2 players, playing against each other</plot>
	</category>
	<category>
		<label>3</label>
		<thumb>VhPHs4C.png</thumb>
		<banner>n0axWIp.jpg</banner>
		<fanart>G5PYNPY.jpg</fanart>
		<logo>Ir6T2Dp.png</logo>
		<trailer>DXOi-9bMTUM</trailer>
		<plot>Games with 3 players</plot>
	</category>
	<category>
		<label>1-3</label>
		<thumb>VhPHs4C.png</thumb>
		<banner>n0axWIp.jpg</banner>
		<fanart>G5PYNPY.jpg</fanart>
		<logo>Ir6T2Dp.png</logo>
		<trailer>DXOi-9bMTUM</trailer>
		<plot>Games with up to 3 players</plot>
	</category>
	<category>
		<label>1-3 Alt</label>
		<thumb>T2Sb3yU.jpg</thumb>
		<banner>2FHOfoP.jpg</banner>
		<fanart>G5PYNPY.jpg</fanart>
		<logo>tvOJTUx.png</logo>
		<trailer>DXOi-9bMTUM</trailer>
		<plot>Games with up to 3 players, alternating turns</plot>
	</category>
	<category>
		<label>1-3 Co-Op</label>
		<thumb>lyZ0nrc.jpg</thumb>
		<banner>vybQNvM.jpg</banner>
		<fanart>G5PYNPY.jpg</fanart>
		<logo>gLdGL1l.png</logo>
		<trailer>DXOi-9bMTUM</trailer>
		<plot>Games with up to 3 players, cooperatively playing</plot>
	</category>
	<category>
		<label>1-3 Sim</label>
		<thumb>f2ivxbC.jpg</thumb>
		<banner>cY4ZXj1.jpg</banner>
		<fanart>G5PYNPY.jpg</fanart>
		<logo>iIHrL9V.png</logo>
		<trailer>DXOi-9bMTUM</trailer>
		<plot>Games with up to 3 players, simultaneously playing</plot>
	</category>
	<category>
		<label>1-3 VS</label>
		<thumb>CLfwYRL.jpg</thumb>
		<banner>oHUQVnD.jpg</banner>
		<fanart>G5PYNPY.jpg</fanart>
		<logo>q6ZJ2Q5.png</logo>
		<trailer>DXOi-9bMTUM</trailer>
		<plot>Games with up to 3 players, playing against each other</plot>
	</category>
	<category>
		<label>4</label>
		<thumb>YRFgX7X.jpg</thumb>
		<banner>m1UjFmm.jpg</banner>
		<fanart>G5PYNPY.jpg</fanart>
		<logo>MoZu2r0.png</logo>
		<trailer>tP9COPW5sLs</trailer>
		<plot>Games with 4 players</plot>
	</category>
	<category>
		<label>1-4</label>
		<thumb>YRFgX7X.jpg</thumb>
		<banner>m1UjFmm.jpg</banner>
		<fanart>G5PYNPY.jpg</fanart>
		<logo>MoZu2r0.png</logo>
		<trailer>tP9COPW5sLs</trailer>
		<plot>Games with up to 4 players</plot>
	</category>
	<category>
		<label>1-4 Alt</label>
		<thumb>s1lhugb.jpg</thumb>
		<banner>amwDXdq.jpg</banner>
		<fanart>G5PYNPY.jpg</fanart>
		<logo>kjsVxhe.png</logo>
		<trailer>tP9COPW5sLs</trailer>
		<plot>Games with up to 4 players, alternating turns</plot>
	</category>
	<category>
		<label>1-4 Co-Op</label>
		<thumb>vECzCeg.jpg</thumb>
		<banner>JK46PXt.jpg</banner>
		<fanart>G5PYNPY.jpg</fanart>
		<logo>Co5dVtd.png</logo>
		<trailer>tP9COPW5sLs</trailer>
		<plot>Games with up to 4 players, cooperatively playing</plot>
	</category>
	<category>
		<label>1-4 Sim</label>
		<thumb>StJmIzc.jpg</thumb>
		<banner>UKUZ2Rd.jpg</banner>
		<fanart>G5PYNPY.jpg</fanart>
		<logo>lgssSiH.png</logo>
		<trailer>tP9COPW5sLs</trailer>
		<plot>Games with up to 4 players, simultaneously playing</plot>
	</category>
	<category>
		<label>1-4 VS</label>
		<thumb>r0NHM93.jpg</thumb>
		<banner>th1UVfO.jpg</banner>
		<fanart>G5PYNPY.jpg</fanart>
		<logo>w03iQEm.png</logo>
		<trailer>tP9COPW5sLs</trailer>
		<plot>Games with up to 4 players, playing against each other</plot>
	</category>
	<category>
		<label>5</label>
		<thumb>orx4ugG.jpg</thumb>
		<banner>BKXiyhQ.jpg</banner>
		<fanart>G5PYNPY.jpg</fanart>
		<logo>oh2SuhR.png</logo>
		<trailer>w9SU4dXoWh0</trailer>
		<plot>Games with 5 players</plot>
	</category>
	<category>
		<label>6</label>
		<thumb>orx4ugG.jpg</thumb>
		<banner>BKXiyhQ.jpg</banner>
		<fanart>G5PYNPY.jpg</fanart>
		<logo>oh2SuhR.png</logo>
		<trailer>2MT-4ydAZ0o</trailer>
		<plot>Games with 6 players</plot>
		</category>
	<category>
		<label>7</label>
		<thumb>orx4ugG.jpg</thumb>
		<banner>BKXiyhQ.jpg</banner>
		<fanart>G5PYNPY.jpg</fanart>
		<logo>oh2SuhR.png</logo>
		<trailer>GNX3iv8YyMY</trailer>
		<plot>Games with 7 players</plot>
	</category>
	<category>
		<label>8</label>
		<thumb>orx4ugG.jpg</thumb>
		<banner>BKXiyhQ.jpg</banner>
		<fanart>G5PYNPY.jpg</fanart>
		<logo>oh2SuhR.png</logo>
		<trailer>D5m0EsVzc4U</trailer>
		<plot>Games with 8 players</plot>
	</category>
	<category>
		<label>9</label>
		<thumb>orx4ugG.jpg</thumb>
		<banner>BKXiyhQ.jpg</banner>
		<fanart>G5PYNPY.jpg</fanart>
		<logo>oh2SuhR.png</logo>
		<trailer>zYWd_vPoiZY</trailer>
		<plot>Games with 9 players</plot>
	</category>
	<category>
		<label>10</label>
		<thumb>orx4ugG.jpg</thumb>
		<banner>BKXiyhQ.jpg</banner>
		<fanart>G5PYNPY.jpg</fanart>
		<logo>oh2SuhR.png</logo>
		<trailer>dLsam0PYTH8</trailer>
		<plot>Games with 10 players</plot>
	</category>
	<category>
		<label>1-5</label>
		<thumb>orx4ugG.jpg</thumb>
		<banner>BKXiyhQ.jpg</banner>
		<fanart>G5PYNPY.jpg</fanart>
		<logo>oh2SuhR.png</logo>
		<trailer>w9SU4dXoWh0</trailer>
		<plot>Games with up to 5 players</plot>
	</category>
	<category>
		<label>1-5 Alt</label>
		<thumb>DxjEQNy.jpg</thumb>
		<banner>hYsVXMG.jpg</banner>
		<fanart>G5PYNPY.jpg</fanart>
		<logo>OK0aE1d.png</logo>
		<trailer>w9SU4dXoWh0</trailer>
		<plot>Games with up to 5 players, alternating turns</plot>
	</category>
	<category>
		<label>1-5 Co-Op</label>
		<thumb>aD12K8C.jpg</thumb>
		<banner>RVqKle3.jpg</banner>
		<fanart>G5PYNPY.jpg</fanart>
		<logo>AcZmMnu.png</logo>
		<trailer>w9SU4dXoWh0</trailer>
		<plot>Games with up to 5 players, cooperatively playing</plot>
	</category>
	<category>
		<label>1-5 Sim</label>
		<thumb>kZkomy0.jpg</thumb>
		<banner>ATV14ey.jpg</banner>
		<fanart>G5PYNPY.jpg</fanart>
		<logo>YWogZVa.png</logo>
		<trailer>w9SU4dXoWh0</trailer>
		<plot>Games with up to 5 players, simultaneously playing</plot>
	</category>
	<category>
		<label>1-5 VS</label>
		<thumb>nyBbVVZ.jpg</thumb>
		<banner>UMIM1rs.jpg</banner>
		<fanart>G5PYNPY.jpg</fanart>
		<logo>XnJTbCR.png</logo>
		<trailer>w9SU4dXoWh0</trailer>
		<plot>Games with up to 5 players, playing against each other</plot>
	</category>
	<category>
		<label>1-6</label>
		<thumb>orx4ugG.jpg</thumb>
		<banner>BKXiyhQ.jpg</banner>
		<fanart>G5PYNPY.jpg</fanart>
		<logo>oh2SuhR.png</logo>
		<trailer>2MT-4ydAZ0o</trailer>
		<plot>Games with up to 6 players</plot>
	</category>
	<category>
		<label>1-6 Alt</label>
		<thumb>DxjEQNy.jpg</thumb>
		<banner>hYsVXMG.jpg</banner>
		<fanart>G5PYNPY.jpg</fanart>
		<logo>OK0aE1d.png</logo>
		<trailer>2MT-4ydAZ0o</trailer>
		<plot>Games with up to 6 players, alternating turns</plot>
	</category>
	<category>
		<label>1-6 Co-Op</label>
		<thumb>aD12K8C.jpg</thumb>
		<banner>RVqKle3.jpg</banner>
		<fanart>G5PYNPY.jpg</fanart>
		<logo>AcZmMnu.png</logo>
		<trailer>2MT-4ydAZ0o</trailer>
		<plot>Games with up to 6 players, cooperatively playing</plot>
	</category>
	<category>
		<label>1-6 Sim</label>
		<thumb>kZkomy0.jpg</thumb>
		<banner>ATV14ey.jpg</banner>
		<fanart>G5PYNPY.jpg</fanart>
		<logo>YWogZVa.png</logo>
		<trailer>2MT-4ydAZ0o</trailer>
		<plot>Games with up to 6 players, simultaneously playing</plot>
	</category>
	<category>
		<label>1-6 VS</label>
		<thumb>nyBbVVZ.jpg</thumb>
		<banner>UMIM1rs.jpg</banner>
		<fanart>G5PYNPY.jpg</fanart>
		<logo>XnJTbCR.png</logo>
		<trailer>2MT-4ydAZ0o</trailer>
		<plot>Games with up to 6 players, playing against each other</plot>
	</category>
	<category>
		<label>1-7</label>
		<thumb>orx4ugG.jpg</thumb>
		<banner>BKXiyhQ.jpg</banner>
		<fanart>G5PYNPY.jpg</fanart>
		<logo>oh2SuhR.png</logo>
		<trailer>GNX3iv8YyMY</trailer>
		<plot>Games with up to 7 players</plot>
	</category>
	<category>
		<label>1-7 Alt</label>
		<thumb>DxjEQNy.jpg</thumb>
		<banner>hYsVXMG.jpg</banner>
		<fanart>G5PYNPY.jpg</fanart>
		<logo>OK0aE1d.png</logo>
		<trailer>GNX3iv8YyMY</trailer>
		<plot>Games with up to 7 players, alternating turns</plot>
	</category>
	<category>
		<label>1-7 Co-Op</label>
		<thumb>aD12K8C.jpg</thumb>
		<banner>RVqKle3.jpg</banner>
		<fanart>G5PYNPY.jpg</fanart>
		<logo>AcZmMnu.png</logo>
		<trailer>GNX3iv8YyMY</trailer>
		<plot>Games with up to 7 players, cooperatively playing</plot>
	</category>
	<category>
		<label>1-7 Sim</label>
		<thumb>kZkomy0.jpg</thumb>
		<banner>ATV14ey.jpg</banner>
		<fanart>G5PYNPY.jpg</fanart>
		<logo>YWogZVa.png</logo>
		<trailer>GNX3iv8YyMY</trailer>
		<plot>Games with up to 7 players, simultaneously playing</plot>
	</category>
	<category>
		<label>1-7 VS</label>
		<thumb>nyBbVVZ.jpg</thumb>
		<banner>UMIM1rs.jpg</banner>
		<fanart>G5PYNPY.jpg</fanart>
		<logo>XnJTbCR.png</logo>
		<trailer>GNX3iv8YyMY</trailer>
		<plot>Games with up to 7 players, playing against each other</plot>
	</category>
	<category>
		<label>1-8</label>
		<thumb>orx4ugG.jpg</thumb>
		<banner>BKXiyhQ.jpg</banner>
		<fanart>G5PYNPY.jpg</fanart>
		<logo>oh2SuhR.png</logo>
		<trailer>D5m0EsVzc4U</trailer>
		<plot>Games with up to 8 players</plot>
	</category>
	<category>
		<label>1-8 Alt</label>
		<thumb>DxjEQNy.jpg</thumb>
		<banner>hYsVXMG.jpg</banner>
		<fanart>G5PYNPY.jpg</fanart>
		<logo>OK0aE1d.png</logo>
		<trailer>D5m0EsVzc4U</trailer>
		<plot>Games with up to 8 players, alternating turns</plot>
	</category>
	<category>
		<label>1-8 Co-Op</label>
		<thumb>aD12K8C.jpg</thumb>
		<banner>RVqKle3.jpg</banner>
		<fanart>G5PYNPY.jpg</fanart>
		<logo>AcZmMnu.png</logo>
		<trailer>D5m0EsVzc4U</trailer>
		<plot>Games with up to 8 players, cooperatively playing</plot>
	</category>
	<category>
		<label>1-8 Sim</label>
		<thumb>kZkomy0.jpg</thumb>
		<banner>ATV14ey.jpg</banner>
		<fanart>G5PYNPY.jpg</fanart>
		<logo>YWogZVa.png</logo>
		<trailer>D5m0EsVzc4U</trailer>
		<plot>Games with up to 8 players, simultaneously playing</plot>
	</category>
	<category>
		<label>1-8 VS</label>
		<thumb>nyBbVVZ.jpg</thumb>
		<banner>UMIM1rs.jpg</banner>
		<fanart>G5PYNPY.jpg</fanart>
		<logo>XnJTbCR.png</logo>
		<trailer>D5m0EsVzc4U</trailer>
		<plot>Games with up to 8 players, playing against each other</plot>
	</category>
	<category>
		<label>1-9</label>
		<thumb>orx4ugG.jpg</thumb>
		<banner>BKXiyhQ.jpg</banner>
		<fanart>G5PYNPY.jpg</fanart>
		<logo>oh2SuhR.png</logo>
		<trailer>zYWd_vPoiZY</trailer>
		<plot>Games with up to 9 players</plot>
	</category>
	<category>
		<label>1-9 Alt</label>
		<thumb>DxjEQNy.jpg</thumb>
		<banner>hYsVXMG.jpg</banner>
		<fanart>G5PYNPY.jpg</fanart>
		<logo>OK0aE1d.png</logo>
		<trailer>zYWd_vPoiZY</trailer>
		<plot>Games with up to 9 players, alternating turns</plot>
	</category>
	<category>
		<label>1-9 Co-Op</label>
		<thumb>aD12K8C.jpg</thumb>
		<banner>RVqKle3.jpg</banner>
		<fanart>G5PYNPY.jpg</fanart>
		<logo>AcZmMnu.png</logo>
		<trailer>zYWd_vPoiZY</trailer>
		<plot>Games with up to 9 players, cooperatively playing</plot>
	</category>
	<category>
		<label>1-9 Sim</label>
		<thumb>kZkomy0.jpg</thumb>
		<banner>ATV14ey.jpg</banner>
		<fanart>G5PYNPY.jpg</fanart>
		<logo>YWogZVa.png</logo>
		<trailer>zYWd_vPoiZY</trailer>
		<plot>Games with up to 9 players, simultaneously playing</plot>
	</category>
	<category>
		<label>1-9 VS</label>
		<thumb>nyBbVVZ.jpg</thumb>
		<banner>UMIM1rs.jpg</banner>
		<fanart>G5PYNPY.jpg</fanart>
		<logo>XnJTbCR.png</logo>
		<trailer>zYWd_vPoiZY</trailer>
		<plot>Games with up to 9 players, playing against each other</plot>
	</category>
	<category>
		<label>1-10</label>
		<thumb>orx4ugG.jpg</thumb>
		<banner>BKXiyhQ.jpg</banner>
		<fanart>G5PYNPY.jpg</fanart>
		<logo>oh2SuhR.png</logo>
		<trailer>dLsam0PYTH8</trailer>
		<plot>Games with up to 10 players</plot>
	</category>
	<category>
		<label>1-10 Alt</label>
		<thumb>DxjEQNy.jpg</thumb>
		<banner>hYsVXMG.jpg</banner>
		<fanart>G5PYNPY.jpg</fanart>
		<logo>OK0aE1d.png</logo>
		<trailer>dLsam0PYTH8</trailer>
		<plot>Games with up to 10 players, alternating turns</plot>
	</category>
	<category>
		<label>1-10 Co-Op</label>
		<thumb>aD12K8C.jpg</thumb>
		<banner>RVqKle3.jpg</banner>
		<fanart>G5PYNPY.jpg</fanart>
		<logo>AcZmMnu.png</logo>
		<trailer>dLsam0PYTH8</trailer>
		<plot>Games with up to 10 players, cooperatively playing</plot>
	</category>
	<category>
		<label>1-10 Sim</label>
		<thumb>kZkomy0.jpg</thumb>
		<banner>ATV14ey.jpg</banner>
		<fanart>G5PYNPY.jpg</fanart>
		<logo>YWogZVa.png</logo>
		<trailer>dLsam0PYTH8</trailer>
		<plot>Games with up to 10 players, simultaneously playing</plot>
	</category>
	<category>
		<label>1-16 Sim</label>
		<thumb>kZkomy0.jpg</thumb>
		<banner>ATV14ey.jpg</banner>
		<fanart>G5PYNPY.jpg</fanart>
		<logo>YWogZVa.png</logo>
		<trailer>dLsam0PYTH8</trailer>
		<plot>Games with up to 16 players, simultaneously playing</plot>
	</category>
	<category>
		<label>1-10 VS</label>
		<thumb>nyBbVVZ.jpg</thumb>
		<banner>UMIM1rs.jpg</banner>
		<fanart>G5PYNPY.jpg</fanart>
		<logo>XnJTbCR.png</logo>
		<trailer>dLsam0PYTH8</trailer>
		<plot>Games with up to 10 players, playing against each other</plot>
	</category>
	<category>
		<label>Unknown</label>
		<thumb>UKxz9kq.jpg</thumb>
		<banner>HKlu7NC.jpg</banner>
		<fanart>G5PYNPY.jpg</fanart>
		<logo>LL2Oxqf.png</logo>
		<plot>These games have an unknown number of players or the number of players was not identified</plot>
		<trailer>EFhii04Piww</trailer>
	</category>
<!-- 	<category>
		<label>default</label>
		<thumb>fYMsybe.jpg</thumb>
		<banner>pc540fV.jpg</banner>
		<fanart>G5PYNPY.jpg</fanart>
		<logo>c3MyKNx.png</logo>
		<plot></plot>
		<trailer>LcCtg1D_RIE</trailer>
	</category> -->
</categories>