<categories>
	<category>
		<label>1958</label>
		<thumb>TBfy6CS.png</thumb>
		<banner>TBfy6CS.png</banner>
		<fanart>xdon6qM.jpg</fanart>
		<logo>TBfy6CS.png</logo>
		<trailer>fAlsYO5l0vI</trailer>
		<plot>Games from the year 1958</plot>
	</category>
	<category>
		<label>1959</label>
		<thumb>MwVPxxz.png</thumb>
		<banner>MwVPxxz.png</banner>
		<fanart>xdon6qM.jpg</fanart>
		<logo>MwVPxxz.png</logo>
		<trailer>fAlsYO5l0vI</trailer>
		<plot>Games from the year 1959</plot>
	</category>
	<category>
		<label>1960</label>
		<thumb>ybBXCPU.png</thumb>
		<banner>ybBXCPU.png</banner>
		<fanart>ZrIxwN3.jpg</fanart>
		<logo>ybBXCPU.png</logo>
		<trailer>fAlsYO5l0vI</trailer>
		<plot>Games from the year 1960</plot>
	</category>
	<category>
		<label>1961</label>
		<thumb>HCHwUfT.png</thumb>
		<banner>HCHwUfT.png</banner>
		<fanart>ZrIxwN3.jpg</fanart>
		<logo>HCHwUfT.png</logo>
		<trailer>fAlsYO5l0vI</trailer>
		<plot>Games from the year 1961</plot>
	</category>
	<category>
		<label>1962</label>
		<thumb>aAj4TMR.png</thumb>
		<banner>aAj4TMR.png</banner>
		<fanart>ZrIxwN3.jpg</fanart>
		<logo>aAj4TMR.png</logo>
		<trailer>fAlsYO5l0vI</trailer>
		<plot>Games from the year 1962</plot>
	</category>
	<category>
		<label>1963</label>
		<thumb>9smLlAd.png</thumb>
		<banner>9smLlAd.png</banner>
		<fanart>ZrIxwN3.jpg</fanart>
		<logo>9smLlAd.png</logo>
		<trailer>fAlsYO5l0vI</trailer>
		<plot>Games from the year 1963</plot>
	</category>
	<category>
		<label>1964</label>
		<thumb>czEiP8u.png</thumb>
		<banner>czEiP8u.png</banner>
		<fanart>ZrIxwN3.jpg</fanart>
		<logo>czEiP8u.png</logo>
		<trailer>fAlsYO5l0vI</trailer>
		<plot>Games from the year 1964</plot>
	</category>
	<category>
		<label>1965</label>
		<thumb>xNqcRMC.png</thumb>
		<banner>xNqcRMC.png</banner>
		<fanart>ZrIxwN3.jpg</fanart>
		<logo>xNqcRMC.png</logo>
		<trailer>40sZQ1_Sd3A</trailer>
		<plot>Games from the year 1965</plot>
	</category>
	<category>
		<label>1966</label>
		<thumb>5jukrBS.png</thumb>
		<banner>5jukrBS.png</banner>
		<fanart>ZrIxwN3.jpg</fanart>
		<logo>5jukrBS.png</logo>
		<trailer>40sZQ1_Sd3A</trailer>
		<plot>Games from the year 1966</plot>
	</category>
	<category>
		<label>1967</label>
		<thumb>ipnJqqS.png</thumb>
		<banner>ipnJqqS.png</banner>
		<fanart>ZrIxwN3.jpg</fanart>
		<logo>ipnJqqS.png</logo>
		<trailer>40sZQ1_Sd3A</trailer>
		<plot>Games from the year 1967</plot>
	</category>
	<category>
		<label>1968</label>
		<thumb>0LEq7vv.png</thumb>
		<banner>0LEq7vv.png</banner>
		<fanart>ZrIxwN3.jpg</fanart>
		<logo>0LEq7vv.png</logo>
		<trailer>40sZQ1_Sd3A</trailer>
		<plot>Games from the year 1968</plot>
	</category>
	<category>
		<label>1969</label>
		<thumb>o1UqMKn.png</thumb>
		<banner>o1UqMKn.png</banner>
		<fanart>ZrIxwN3.jpg</fanart>
		<logo>o1UqMKn.png</logo>
		<trailer>40sZQ1_Sd3A</trailer>
		<plot>Games from the year 1969</plot>
	</category>		
	<category>
		<label>1970</label>
		<thumb>1pdtQ8o.png</thumb>
		<banner>1pdtQ8o.png</banner>
		<fanart>HPefCQE.jpg</fanart>
		<logo>1pdtQ8o.png</logo>
		<trailer>40sZQ1_Sd3A</trailer>
		<plot>Games from the year 1970</plot>
	</category>
	<category>
		<label>1971</label>
		<thumb>WiSqALh.png</thumb>
		<banner>WiSqALh.png</banner>
		<fanart>HPefCQE.jpg</fanart>
		<logo>WiSqALh.png</logo>
		<trailer>40sZQ1_Sd3A</trailer>
		<plot>Games from the year 1971</plot>
	</category>
	<category>
		<label>1972</label>
		<thumb>O9kyeoP.png</thumb>
		<banner>O9kyeoP.png</banner>
		<fanart>HPefCQE.jpg</fanart>
		<logo>O9kyeoP.png</logo>
		<trailer>JHvdwGb73yk</trailer>
		<plot>Games from the year 1972</plot>
	</category>
	<category>
		<label>1973</label>
		<thumb>mDdSmhl.png</thumb>
		<banner>mDdSmhl.png</banner>
		<fanart>HPefCQE.jpg</fanart>
		<logo>mDdSmhl.png</logo>
		<trailer>yJAZKAjh_eQ</trailer>
		<plot>Games from the year 1973</plot>
	</category>
	<category>
		<label>1974</label>
		<thumb>QnHuYgQ.png</thumb>
		<banner>QnHuYgQ.png</banner>
		<fanart>HPefCQE.jpg</fanart>
		<logo>QnHuYgQ.png</logo>
		<trailer>NVGb_2UBx8M</trailer>
		<plot>Games from the year 1974</plot>
	</category>
	<category>
		<label>1975</label>
		<thumb>1Uvq75s.png</thumb>
		<banner>1Uvq75s.png</banner>
		<fanart>HPefCQE.jpg</fanart>
		<logo>1Uvq75s.png</logo>
		<trailer>RfqCOXii_M</trailer>
		<plot>Games from the year 1975</plot>
	</category>
	<category>
		<label>1976</label>
		<thumb>NNAbrN1.png</thumb>
		<banner>NNAbrN1.png</banner>
		<fanart>HPefCQE.jpg</fanart>
		<logo>NNAbrN1.png</logo>
		<trailer>H9hB1Xyjrzw</trailer>
		<plot>Games from the year 1976</plot>
	</category>
	<category>
		<label>1977</label>
		<thumb>kCNzwA0.png</thumb>
		<banner>kCNzwA0.png</banner>
		<fanart>HPefCQE.jpg</fanart>
		<logo>kCNzwA0.png</logo>
		<trailer>7jKhchg4jOA</trailer>
		<plot>Games from the year 1977</plot>
	</category>
	<category>
		<label>1978</label>
		<thumb>HjSKcO1.png</thumb>
		<banner>HjSKcO1.png</banner>
		<fanart>HPefCQE.jpg</fanart>
		<logo>HjSKcO1.png</logo>
		<trailer>MOlZSpuW7T0</trailer>
		<plot>Games from the year 1978</plot>
	</category>
	<category>
		<label>1979</label>
		<thumb>3rFldoz.png</thumb>
		<banner>3rFldoz.png</banner>
		<fanart>HPefCQE.jpg</fanart>
		<logo>3rFldoz.png</logo>
		<trailer>9Ct9BTowCSE</trailer>
		<plot>Games from the year 1979</plot>
	</category>
	<category>
		<label>1980</label>
		<thumb>u2PxyeO.png</thumb>
		<banner>u2PxyeO.png</banner>
		<fanart>glvcyWY.jpg</fanart>
		<logo>u2PxyeO.png</logo>
		<trailer>20d0DoOFgYM</trailer>
		<plot>Games from the year 1980</plot>
	</category>
	<category>
		<label>1981</label>
		<thumb>hAdE6mR.png</thumb>
		<banner>hAdE6mR.png</banner>
		<fanart>glvcyWY.jpg</fanart>
		<logo>hAdE6mR.png</logo>
		<trailer>3cyNaxxwbUU</trailer>
		<plot>Games from the year 1981</plot>
	</category>
	<category>
		<label>1982</label>
		<thumb>YnaTHr1.png</thumb>
		<banner>YnaTHr1.png</banner>
		<fanart>glvcyWY.jpg</fanart>
		<logo>YnaTHr1.png</logo>
		<trailer>pcKpd3MUCxk</trailer>
		<plot>Games from the year 1982</plot>
	</category>
	<category>
		<label>1983</label>
		<thumb>SeCSQiC.png</thumb>
		<banner>SeCSQiC.png</banner>
		<fanart>glvcyWY.jpg</fanart>
		<logo>SeCSQiC.png</logo>
		<trailer>W-34Oq5FNDc</trailer>
		<plot>Games from the year 1983</plot>
	</category>
	<category>
		<label>1984</label>
		<thumb>wUyHck1.png</thumb>
		<banner>wUyHck1.png</banner>
		<fanart>glvcyWY.jpg</fanart>
		<logo>wUyHck1.png</logo>
		<trailer>mBJTsTn-jeo</trailer>
		<plot>Games from the year 1984</plot>
	</category>
	<category>
		<label>1985</label>
		<thumb>FBVc5H7.png</thumb>
		<banner>FBVc5H7.png</banner>
		<fanart>glvcyWY.jpg</fanart>
		<logo>FBVc5H7.png</logo>
		<trailer>FS15M9HAvdQ</trailer>
		<plot>Games from the year 1985</plot>
	</category>
	<category>
		<label>1986</label>
		<thumb>oNAGglR.png</thumb>
		<banner>oNAGglR.png</banner>
		<fanart>glvcyWY.jpg</fanart>
		<logo>oNAGglR.png</logo>
		<trailer>Qh-DTx14iKo</trailer>
		<plot>Games from the year 1986</plot>
	</category>
	<category>
		<label>1987</label>
		<thumb>oMOfMEa.png</thumb>
		<banner>oMOfMEa.png</banner>
		<fanart>glvcyWY.jpg</fanart>
		<logo>oMOfMEa.png</logo>
		<trailer>IGedorSkc-g</trailer>
		<plot>Games from the year 1987</plot>
	</category>
	<category>
		<label>1988</label>
		<thumb>Uuo2M1S.png</thumb>
		<banner>Uuo2M1S.png</banner>
		<fanart>glvcyWY.jpg</fanart>
		<logo>Uuo2M1S.png</logo>
		<trailer>p0T03sFX_yM</trailer>
		<plot>Games from the year 1988</plot>
	</category>
	<category>
		<label>1989</label>
		<thumb>0MDMpyX.png</thumb>
		<banner>0MDMpyX.png</banner>
		<fanart>glvcyWY.jpg</fanart>
		<logo>0MDMpyX.png</logo>
		<trailer>SWhVV3xAgo4</trailer>
		<plot>Games from the year 1989</plot>
	</category>
	<category>
		<label>1990</label>
		<thumb>3NCic8n.png</thumb>
		<banner>3NCic8n.png</banner>
		<fanart>0qMUE7H.jpg</fanart>
		<logo>3NCic8n.png</logo>
		<trailer>98WTmqXX_Yk</trailer>
		<plot>Games from the year 1990</plot>
	</category>
	<category>
		<label>1991</label>
		<thumb>vDzqF62.png</thumb>
		<banner>vDzqF62.png</banner>
		<fanart>0qMUE7H.jpg</fanart>
		<logo>vDzqF62.png</logo>
		<trailer>jsulgvNCN0o</trailer>
		<plot>Games from the year 1991</plot>
	</category>
	<category>
		<label>1992</label>
		<thumb>zCPREYv.png</thumb>
		<banner>zCPREYv.png</banner>
		<fanart>0qMUE7H.jpg</fanart>
		<logo>zCPREYv.png</logo>
		<trailer>rGLCCTNt_hg</trailer>
		<plot>Games from the year 1992</plot>
	</category>
	<category>
		<label>1993</label>
		<thumb>r1trSQD.png</thumb>
		<banner>r1trSQD.png</banner>
		<fanart>0qMUE7H.jpg</fanart>
		<logo>r1trSQD.png</logo>
		<trailer>WVGFMhsbnbQ</trailer>
		<plot>Games from the year 1993</plot>
	</category>
	<category>
		<label>1994</label>
		<thumb>UlZ9oTD.png</thumb>
		<banner>UlZ9oTD.png</banner>
		<fanart>0qMUE7H.jpg</fanart>
		<logo>UlZ9oTD.png</logo>
		<trailer>4c6VHyMKcks</trailer>
		<plot>Games from the year 1994</plot>
	</category>
	<category>
		<label>1995</label>
		<thumb>vdt2DCm.png</thumb>
		<banner>vdt2DCm.png</banner>
		<fanart>0qMUE7H.jpg</fanart>
		<logo>vdt2DCm.png</logo>
		<trailer>1fHBH-9EUYE</trailer>
		<plot>Games from the year 1995</plot>
	</category>
	<category>
		<label>1996</label>
		<thumb>CKDFf8N.png</thumb>
		<banner>CKDFf8N.png</banner>
		<fanart>0qMUE7H.jpg</fanart>
		<logo>CKDFf8N.png</logo>
		<trailer>s2HFA9TeZyU</trailer>
		<plot>Games from the year 1996</plot>
	</category>
	<category>
		<label>1997</label>
		<thumb>AdHiQhQ.png</thumb>
		<banner>AdHiQhQ.png</banner>
		<fanart>0qMUE7H.jpg</fanart>
		<logo>AdHiQhQ.png</logo>
		<trailer>HNoXSX-pFlI</trailer>
		<plot>Games from the year 1997</plot>
	</category>
	<category>
		<label>1998</label>
		<thumb>2Rzr6WW.png</thumb>
		<banner>2Rzr6WW.png</banner>
		<fanart>0qMUE7H.jpg</fanart>
		<logo>2Rzr6WW.png</logo>
		<trailer>ijgUvcgf0Og</trailer>
		<plot>Games from the year 1998</plot>
	</category>	
	<category>
		<label>1999</label>
		<thumb>Zqoi8n9.png</thumb>
		<banner>Zqoi8n9.png</banner>
		<fanart>0qMUE7H.jpg</fanart>
		<logo>Zqoi8n9.png</logo>
		<trailer>zEuv11P8DuA</trailer>
		<plot>Games from the year 1999</plot>
	</category>	
	<category>
		<label>2000</label>
		<thumb>lUej5pP.png</thumb>
		<banner>lUej5pP.png</banner>
		<fanart>ZKG9AjT.jpg</fanart>
		<logo>lUej5pP.png</logo>
		<trailer>vxyAdeDzzHI</trailer>
		<plot>Games from the year 2000</plot>
	</category>	
	<category>
		<label>2001</label>
		<thumb>CLXeGVE.png</thumb>
		<banner>CLXeGVE.png</banner>
		<fanart>ZKG9AjT.jpg</fanart>
		<logo>CLXeGVE.png</logo>
		<trailer>LvXz5x7_WbY</trailer>
		<plot>Games from the year 2001</plot>
	</category>	
	<category>
		<label>2002</label>
		<thumb>P6LFygW.png</thumb>
		<banner>P6LFygW.png</banner>
		<fanart>ZKG9AjT.jpg</fanart>
		<logo>P6LFygW.png</logo>
		<trailer>tT_Or55OrmY</trailer>
		<plot>Games from the year 2002</plot>
	</category>
	<category>
		<label>2003</label>
		<thumb>rFlZzQ6.png</thumb>
		<banner>rFlZzQ6.png</banner>
		<fanart>ZKG9AjT.jpg</fanart>
		<logo>rFlZzQ6.png</logo>
		<trailer>obaDX-AKAZE</trailer>
		<plot>Games from the year 2003</plot>
	</category>	
	<category>
		<label>2004</label>
		<thumb>lfJNLoC.png</thumb>
		<banner>lfJNLoC.png</banner>
		<fanart>ZKG9AjT.jpg</fanart>
		<logo>lfJNLoC.png</logo>
		<trailer>1N2cn2UIOz0</trailer>
		<plot>Games from the year 2004</plot>
	</category>
	<category>
		<label>2005</label>
		<thumb>Bqy3XM3.png</thumb>
		<banner>Bqy3XM3.png</banner>
		<fanart>ZKG9AjT.jpg</fanart>
		<logo>Bqy3XM3.png</logo>
		<trailer>Z7TqagE_JQY</trailer>
		<plot>Games from the year 2005</plot>
	</category>	
	<category>
		<label>2006</label>
		<thumb>fQby6B4.png</thumb>
		<banner>fQby6B4.png</banner>
		<fanart>ZKG9AjT.jpg</fanart>
		<logo>fQby6B4.png</logo>
		<trailer>HLsp0XjOW5I</trailer>
		<plot>Games from the year 2006</plot>
	</category>
	<category>
		<label>2007</label>
		<thumb>NZnrJeU.png</thumb>
		<banner>NZnrJeU.png</banner>
		<fanart>ZKG9AjT.jpg</fanart>
		<logo>NZnrJeU.png</logo>
		<trailer>kpl9mGIrENI</trailer>
		<plot>Games from the year 2007</plot>
	</category>	
	<category>
		<label>2008</label>
		<thumb>1ywUAfu.png</thumb>
		<banner>1ywUAfu.png</banner>
		<fanart>ZKG9AjT.jpg</fanart>
		<logo>1ywUAfu.png</logo>
		<trailer>d0uTqf63JIE</trailer>
		<plot>Games from the year 2008</plot>
	</category>
	<category>
		<label>2009</label>
		<thumb>oVqq1ai.png</thumb>
		<banner>oVqq1ai.png</banner>
		<fanart>ZKG9AjT.jpg</fanart>
		<logo>oVqq1ai.png</logo>
		<trailer>PH7Yp3LMvcw</trailer>
		<plot>Games from the year 2009</plot>
	</category>
	<category>
		<label>2010</label>
		<thumb>ICe9Rpa.png</thumb>
		<banner>ICe9Rpa.png</banner>
		<fanart>9JRep5j.jpg</fanart>
		<logo>ICe9Rpa.png</logo>
		<trailer>Q99rYMbtyG4</trailer>
		<plot>Games from the year 2010</plot>
	</category>	
	<category>
		<label>2011</label>
		<thumb>UgEyOvN.png</thumb>
		<banner>UgEyOvN.png</banner>
		<fanart>9JRep5j.jpg</fanart>
		<logo>UgEyOvN.png</logo>
		<trailer>c4ALxBfFAdE</trailer>
		<plot>Games from the year 2011</plot>
	</category>
	<category>
		<label>2012</label>
		<thumb>1VPf0Sy.png</thumb>
		<banner>1VPf0Sy.png</banner>
		<fanart>9JRep5j.jpg</fanart>
		<logo>1VPf0Sy.png</logo>
		<trailer>clmxatK9P3k</trailer>
		<plot>Games from the year 2012</plot>
	</category>
	<category>
		<label>2013</label>
		<thumb>vEHMsD1.png</thumb>
		<banner>vEHMsD1.png</banner>
		<fanart>9JRep5j.jpg</fanart>
		<logo>vEHMsD1.png</logo>
		<trailer>o5Vui4NC-iU</trailer>
		<plot>Games from the year 2013</plot>
	</category>
	<category>
		<label>2014</label>
		<thumb>AZ3Gv7k.png</thumb>
		<banner>AZ3Gv7k.png</banner>
		<fanart>9JRep5j.jpg</fanart>
		<logo>AZ3Gv7k.png</logo>
		<trailer>Aq2HysVdNBs</trailer>
		<plot>Games from the year 2014</plot>
	</category>
	<category>
		<label>2015</label>
		<thumb>cCBzTAh.png</thumb>
		<banner>cCBzTAh.png</banner>
		<fanart>9JRep5j.jpg</fanart>
		<logo>cCBzTAh.png</logo>
		<trailer>N8nHRKOI2AU</trailer>
		<plot>Games from the year 2015</plot>
	</category>
	<category>
		<label>2016</label>
		<thumb>XhQXYzu.png</thumb>
		<banner>XhQXYzu.png</banner>
		<fanart>9JRep5j.jpg</fanart>
		<logo>XhQXYzu.png</logo>
		<trailer>c3cbhHYtNI8</trailer>
		<plot>Games from the year 2016</plot>
	</category>
	<category>
		<label>2017</label>
		<thumb>wxmbscp.png</thumb>
		<banner>wxmbscp.png</banner>
		<fanart>9JRep5j.jpg</fanart>
		<logo>wxmbscp.png</logo>
		<trailer>2SvBSiUIEvA</trailer>
		<plot>Games from the year 2017</plot>
	</category>
	<category>
		<label>Unknown</label>
		<thumb>KWJWtNg.png</thumb>
		<banner>KWJWtNg.png</banner>
		<fanart>G5PYNPY.jpg</fanart>
		<logo>KWJWtNg.png</logo>
		<plot>These games have an unknown year or no year was identified</plot>
		<trailer>tItxS52D6Mk</trailer>
	</category>
<!-- 	<category>
		<label>default</label>
		<thumb>fYMsybe.jpg</thumb>
		<banner>pc540fV.jpg</banner>
		<fanart>G5PYNPY.jpg</fanart>
		<logo>c3MyKNx.png</logo>
		<plot></plot>
		<trailer>tItxS52D6Mk</trailer>
	</category> -->
</categories>