<sources>
    <programs>
        <default pathversion="1"></default>
    </programs>
    <video>
        <default pathversion="1"></default>
        <source>
            <name>MOVIE</name>
            <path pathversion="1">/storage/emulated/0/Download/KodiMedia/MOVIE</path>
            <allowsharing>true</allowsharing>
        </source>
        <source>
            <name>TVSHOW</name>
            <path pathversion="1">/storage/emulated/0/Download/KodiMedia/TVSHOW</path>
            <allowsharing>true</allowsharing>
        </source>
        <source>
            <name>綜藝節目</name>
            <path pathversion="1">/storage/emulated/0/Download/KodiMedia/綜藝節目</path>
            <allowsharing>true</allowsharing>
        </source>
        <source>
            <name>紀錄片</name>
            <path pathversion="1">/storage/emulated/0/Download/KodiMedia/紀錄片</path>
            <allowsharing>true</allowsharing>
        </source>
    </video>
    <music>
        <default pathversion="1"></default>
        <source>
            <name>MUSIC</name>
            <path pathversion="1">/storage/emulated/0/Download/KodiMedia/MUSIC</path>
            <allowsharing>true</allowsharing>
        </source>
    </music>
    <pictures>
        <default pathversion="1"></default>
        <source>
            <name>PICTURE</name>
            <path pathversion="1">/storage/emulated/0/Download/KodiMedia/PICTURE</path>
            <allowsharing>true</allowsharing>
        </source>
    </pictures>
    <files>
        <default pathversion="1"></default>
        <source>
            <name>Download</name>
            <path pathversion="1">/storage/emulated/0/Download</path>
            <allowsharing>true</allowsharing>
        </source>
    </files>
    <games>
        <default pathversion="1"></default>
    </games>
</sources>
