<sources>
    <programs>
        <default pathversion="1"></default>
    </programs>
    <video>
        <default pathversion="1"></default>
        <source>
            <name>MOVIE</name>
            <path pathversion="1">E:\KodiMedia\MOVIE\</path>
            <allowsharing>true</allowsharing>
        </source>
        <source>
            <name>TVSHOW</name>
            <path pathversion="1">E:\KodiMedia\TVSHOW\</path>
            <allowsharing>true</allowsharing>
        </source>
        <source>
            <name>綜藝節目</name>
            <path pathversion="1">E:\KodiMedia\綜藝節目\</path>
            <allowsharing>true</allowsharing>
        </source>
        <source>
            <name>紀錄片</name>
            <path pathversion="1">E:\KodiMedia\紀錄片\</path>
            <allowsharing>true</allowsharing>
        </source>
    </video>
    <music>
        <default pathversion="1"></default>
        <source>
            <name>MUSIC</name>
            <path pathversion="1">E:\KodiMedia\MUSIC\</path>
            <allowsharing>true</allowsharing>
        </source>
    </music>
    <pictures>
        <default pathversion="1"></default>
        <source>
            <name>PICTURE</name>
            <path pathversion="1">E:\KodiMedia\PICTURE\</path>
            <allowsharing>true</allowsharing>
        </source>
    </pictures>
    <files>
        <default pathversion="1"></default>
        <source>
            <name>Download</name>
            <path pathversion="1">E:\KodiMedia\Download\</path>
            <allowsharing>true</allowsharing>
        </source>
    </files>
    <games>
        <default pathversion="1"></default>
    </games>
</sources>
